,accuracy,precision,recall,f1,kapppa,set,modelo
0,0.7101449275362319,0.6588235294117647,0.835820895522388,0.7368421052631579,0.42416023367410804,test,Regresión logistica Esta
1,0.7327272727272728,0.6846590909090909,0.8700361010830325,0.7662957074721781,0.4643637953651071,train,Regresión logistica Esta
