,accuracy,precision,recall,f1,kapppa,set,modelo
0,0.7101449275362319,0.6666666666666666,0.8059701492537313,0.7297297297297297,0.4231974921630094,test,Regresión logistica estandar
1,0.7527272727272727,0.7043478260869566,0.8772563176895307,0.7813504823151127,0.5045373252964165,train,Regresión logistica estandar
